origin,dest,originLon,originLat,destLon,destLat,count,time
A,B,-73.935242,40.730610,-118.243683,34.052235,10,2026-07-01T08:00:00Z
B,C,-118.243683,34.052235,-87.629799,41.878113,15,2026-07-01T09:00:00Z
C,A,-87.629799,41.878113,-73.935242,40.730610,5,2026-07-01T10:00:00Z
A,C,-73.935242,40.730610,-87.629799,41.878113,20,2026-07-02T08:00:00Z
B,A,-118.243683,34.052235,-73.935242,40.730610,25,2026-07-02T09:00:00Z
C,B,-87.629799,41.878113,-118.243683,34.052235,30,2026-07-02T10:00:00Z
A,B,-73.935242,40.730610,-118.243683,34.052235,12,2026-07-03T08:00:00Z
B,C,-118.243683,34.052235,-87.629799,41.878113,18,2026-07-03T09:00:00Z
C,A,-87.629799,41.878113,-73.935242,40.730610,8,2026-07-03T10:00:00Z
